{
    "mean": [
        69.28985000054985,
        2737.8328201416016,
        42.73035999803543,
        92.5844760345459,
        52.98636599998474,
        27.532224010276796
    ],
    "std": [
        35.99079543206785,
        1303.7454061979336,
        22.430312868040044,
        7.2275803438118915,
        27.243915251154764,
        7.179280574051905
    ],
    "classes": [
        "AGGRESSIVE",
        "NORMAL",
        "SLOW"
    ]
}